Date,Month,Year,SiteNumber,SiteName,Length_meters,Treatment,Time,WaterElevation,Weather,WaterTemp,Visibility_feet,Visibility_meters,SurveyMethod,VideoOrObserver,LFRcount,WRcount,SRcount,FRcount,Troutcount,AdultPredatorFish,OtherJuvenileFish,Comments,Calculated Flow
8/17/2016,8,2016,209,Anderson River Park,325,Impact,9:45,,1,69,4,1.219140506,Snorkel Downstream,Video,0,0,0,0,0,0,0,Kayak survey too much vegetation 82 Bass,10521
5/16/2018,5,2018,209,Anderson River Park,325,Baseline,10:20,,2,54,10,3.047851265,snorkel downstream,observer,9,0,0,0,0,0,2,ARP Upstream inlet phase 1  2 PM,9226
5/16/2018,5,2018,209,Anderson River Park,325,Baseline,11:00,,2,56,7,2.133495885,snorkel downstream,observer,0,0,0,0,0,0,0,ARP Downstream mouth phase 1,9226
5/30/2018,5,2018,209,Anderson River Park,325,Baseline,10:15,,1,56,10,3.047851265,snorkel downstream,observer,0,0,0,0,2,0,2,2PKM,9516
6/25/2018,6,2018,209,Anderson River Park,325,Baseline,11:28,,1,58,10,3.047851265,snorkel downstream,observer,10,0,0,10,8,0,210,Temp taken in channel  10 PM  200 small minnows,12063
7/11/2018,7,2018,209,Anderson River Park,325,Baseline,11:30,,1,55,12,3.657421518,snorkel downstream,observer,11,0,0,20,22,0,0,,12994
7/23/2018,7,2018,209,Anderson River Park,325,Baseline,10:14,,1,56,12,3.657421518,snorkel downstream,observer,0,0,0,20,15,0,50,50 HH,13070
8/9/2018,8,2018,209,Anderson River Park,325,Baseline,10:40,,3,57,12,3.657421518,snorkel downstream,observer,0,0,0,8,35,0,0,,11199
9/5/2018,9,2018,209,Anderson River Park,325,Baseline,11:20,,1,57,12,3.657421518,snorkel downstream,observer,0,0,0,0,22,0,0,,8714
9/18/2018,9,2018,209,Anderson River Park,325,Baseline,10:40,,1,55,12,3.657421518,snorkel downstream,observer,0,0,0,0,28,0,0,,8019
10/3/2018,10,2018,209,Anderson River Park,325,Baseline,10:25,,2,54,12,3.657421518,snorkel downstream,observer,60,0,0,0,2,0,35,PM  TSS,7269
10/17/2018,10,2018,209,Anderson River Park,325,Baseline,11:41,,1,56,10,3.047851265,snorkel downstream,observer,25,100,0,0,0,0,10,10 TSS,7298
10/30/2018,10,2018,209,Anderson River Park,325,Control,12:20,,1,54,10,3.047851265,snorkel downstream,observer,78,29,0,2,75,0,0,1 adult FR salmon,6004
12/8/2015,12,2015,204,Bourbon,301,Control,14:17,,3,53,5,1.523925632,snorkel downstream,observer,0,4,0,0,15,0,0,,4260
12/15/2015,12,2015,204,Bourbon,301,Control,11:15,,1,52,4,1.219140506,snorkel upstream,observer,0,0,0,2,11,0,3,lamprey  sculpin  tts,4220
2/1/2016,2,2016,204,Bourbon,301,Control,12:25,,1,48,5,1.523925632,snorkel downstream,video,0,0,0,0,0,0,0,,3290
2/1/2016,2,2016,204,Bourbon,301,Control,13:04,,1,48,5,1.523925632,snorkel downstream,video,0,0,0,0,0,0,0,,3290
2/25/2016,2,2016,204,Bourbon,301,Control,12:32,,1,51,4,1.219140506,snorkel downstream,observer,0,2,0,45,0,0,0,,3270
3/2/2016,3,2016,204,Bourbon,301,Control,11:25,,2,49,10,3.047851265,snorkel downstream,observer,0,0,0,35,1,0,1,1 Sac sucker,3280
4/12/2016,4,2016,204,Bourbon,301,Control,12:50,,4,52,7,2.133495885,snorkel downstream,observer,10,0,0,429,100,0,0,,5070
4/21/2016,4,2016,204,Bourbon,301,Control,14:00,,2,59,6,1.828710759,snorkel downstream,observer,0,0,0,445,53,0,0,,5040
4/25/2016,4,2016,204,Bourbon,301,Control,10:45,,1,55,5,1.523925632,snorkel downstream,observer,55,0,0,290,35,0,7,7 TSS ,5040
5/3/2016,5,2016,204,Bourbon,301,Control,13:15,,2,58,6,1.828710759,snorkel downstream,observer,0,0,0,260,69,1,1,1 adult pikeminnow  1 sac sucker,5550
6/8/2016,6,2016,204,Bourbon,301,Control,13:50,,2,58,6,1.828710759,snorkel downstream,observer,475,0,0,840,98,0,2,2 TSS,8050
6/29/2016,6,2016,204,Bourbon,301,Control,9:55,,1,53,3.5,1.066747943,snorkel downstream,observer,0,0,0,0,150,0,0,,9010
7/28/2016,7,2016,204,Bourbon,301,Control,11:15,,1,54,5.5,1.676318196,Snorkel Downstream,Observer,0,0,0,0,84,0,0,,10554
8/15/2016,8,2016,204,Bourbon,301,Control,10:45,,1,53,5,1.523925632,Snorkel Downstream,Observer,5,0,0,0,50,0,1,1 TSS,10530
8/23/2016,8,2016,204,Bourbon,301,Control,12:20,,1,54,7,2.133495885,Snorkel Downstream,Observer,17,0,0,0,24,0,0,,10513
9/8/2016,9,2016,204,Bourbon,301,Control,13:55,,1,55,8,2.438281012,Snorkel Downstream,Observer,18,1,0,0,35,0,0,,9546
9/15/2016,9,2016,204,Bourbon,301,Control,13:00,,1,55,10,3.047851265,Snorkel Downstream,Observer,0,1,0,65,188,1,5,1 adult PM  5 HH,9041
9/27/2016,9,2016,204,Bourbon,301,Control,12:00,,1,52,10,3.047851265,Snorkel Downstream,Observer,82,2,0,1,40,10,0,10 adult RT,7975
10/11/2016,10,2016,204,Bourbon,301,Control,11:20,,1,54,10,3.047851265,Snorkel Downstream,Observer,0,8,0,115,116,0,0,1 adult female FR salmon,7012
10/27/2016,10,2016,204,Bourbon,301,Control,12:00,,4,53,6,1.828710759,Snorkel Downstream,Observer,1,0,0,45,86,0,0,1 adult trout,5535
11/17/2016,11,2016,204,Bourbon,301,Control,13:06,,1,54,9,2.743066138,Snorkel Downstream,Observer,0,0,0,0,87,0,0,,5040
11/29/2016,11,2016,204,Bourbon,301,Control,13:30,,1,53,9,2.743066138,Snorkel Downstream,Observer,1,0,0,0,62,0,0,,5035
12/20/2016,12,2016,204,Bourbon,301,Control,13:40,,3,51,10,3.047851265,Snorkel Downstream,Observer,1,1,0,1,19,0,0,1 adult trout,5072
6/19/2017,6,2017,204,Bourbon,301,Control,11:25,,2,52,5,1.523925632,snorkel downstream,observer,0,0,0,10,53,0,4,4 STB,10303
6/19/2017,6,2017,204,Bourbon,301,Control,10:30,,1,54,4,1.219140506,snorkel downstream,observer,10,0,0,4,131,0,5,1 BASS  2 TSS  2PM,10303
7/12/2017,7,2017,204,Bourbon,301,Control,13:45,1.4,1,52,6,1.828710759,snorkel downstream,observer,0,0,0,0,100,0,0,,10394
7/25/2017,7,2017,204,Bourbon,301,Control,9:45,1.4,1,52,5,1.523925632,snorkel downstream,observer,0,0,0,0,120,0,0,,10666
8/10/2017,8,2017,204,Bourbon,301,Control,13:05,15,1,54,7.5,2.285888449,snorkel downstream,observer,0,0,0,0,79,0,0,1 adult RT,10509
8/24/2017,8,2017,204,Bourbon,301,Control,13:00,,1,55,5,1.523925632,snorkel downstream,observer,5,0,0,0,59,0,0,,10644
9/5/2017,9,2017,204,Bourbon,301,Control,10:00,14,1,53,8,2.438281012,snorkel downstream,observer,0,0,0,0,45,0,0,,9114
9/19/2017,9,2017,204,Bourbon,301,Control,10:10,,1,52,5.5,1.676318196,snorkel downstream,observer,0,0,0,0,2,0,0,adult rainbow,9042
10/4/2017,10,2017,204,Bourbon,301,Control,11:40,,1,51,12,3.657421518,snorkel downstream,observer,0,1,0,0,1,0,1,1 Sculpin mort,7924
10/17/2017,10,2017,204,Bourbon,301,Control,9:55,1,1,51,10,3.047851265,snorkel downstream,observer,0,0,0,0,69,0,0,,8026
11/2/2017,11,2017,204,Bourbon,301,Control,11:00,13,3,52,10,3.047851265,snorkel downstream,observer,0,0,0,0,33,0,0,,8075
11/14/2017,11,2017,204,Bourbon,301,Control,11:00,9,1,53,10,3.047851265,snorkel downstream,observer,0,0,0,0,16,0,0,8 trout are adults,5383
11/28/2017,11,2017,204,Bourbon,301,Control,10:00,9,2,52,10,3.047851265,snorkel downstream,observer,0,0,0,0,15,0,0,,5000
12/15/2017,12,2017,204,Bourbon,301,Control,10:45,9,3,51,10,3.047851265,snorkel downstream,observer,0,0,0,0,17,0,1,1 sculpin,5030
12/26/2017,12,2017,204,Bourbon,301,Control,10:00,9,2,50,10,3.047851265,snorkel downstream,observer,25,27,0,0,40,0,4,4 sculpin,5072
1/11/2018,1,2018,204,Bourbon,301,Control,11:15,7,3,51,10,3.047851265,snorkel downstream,observer,36,2,0,0,24,0,0,,4088
1/22/2018,1,2018,204,Bourbon,301,Control,10:00,8,3,50,10,3.047851265,snorkel downstream,observer,0,15,0,0,0,0,0,,4052
2/7/2018,2,2018,204,Bourbon,301,Control,11:15,,1,50,10,3.047851265,snorkel downstream,observer,0,41,48,85,0,0,0,,4010
2/21/2018,2,2018,204,Bourbon,301,Control,10:35,6.5,1,48,10,3.047851265,snorkel downstream,observer,0,96,0,988,2,0,0,,3246
3/5/2018,3,2018,204,Bourbon,301,Control,10:14,,1,48,10,3.047851265,snorkel downstream,observer,0,10,0,165,0,0,0,,3255
3/22/2018,3,2018,204,Bourbon,301,Control,11:50,6,3,50,5,1.523925632,snorkel downstream,observer,0,0,0,137,0,0,0,,3201
4/4/2018,4,2018,204,Bourbon,301,Control,12:40,0.5,3,52,9,2.743066138,snorkel downstream,observer,0,0,0,0,6,0,0,,3258
4/17/2018,4,2018,204,Bourbon,301,Control,12:30,,1,50,10,3.047851265,snorkel downstream,observer,0,105,0,215,31,0,0,,3285
4/30/2018,4,2018,204,Bourbon,301,Control,11:24,,1,54,10,3.047851265,snorkel downstream,observer,1,11,0,497,2,0,0,,7058
5/16/2018,5,2018,204,Bourbon,301,Control,10:45,15,2,54,10,3.047851265,snorkel downstream,observer,0,0,0,290,0,0,13,1 sculpin  12 ss,9226
5/29/2018,5,2018,204,Bourbon,301,Control,11:40,,1,54,12,3.657421518,snorkel downstream,observer,0,0,0,233,321,0,2,2 TP,9491
6/15/2018,6,2018,204,Bourbon,301,Control,10:50,16,1,53,10,3.047851265,snorkel downstream,observer,0,0,0,23,43,0,0,,10584
6/25/2018,6,2018,204,Bourbon,301,Control,13:00,18,1,54,10,3.047851265,snorkel downstream,observer,12,0,0,90,111,4,0,4 adult trout,12063
7/11/2018,7,2018,204,Bourbon,301,Control,10:20,19,1,55,12,3.657421518,snorkel downstream,observer,0,0,0,7,152,0,0,,12994
7/24/2018,7,2018,204,Bourbon,301,Control,11:30,,1,56,12,3.657421518,snorkel downstream,observer,0,0,0,2,40,0,0,,13044
8/9/2018,8,2018,204,Bourbon,301,Control,11:15,17,3,57,12,3.657421518,snorkel downstream,observer,0,0,0,0,27,0,0,,11199
8/23/2018,8,2018,204,Bourbon,301,Control,13:45,15.5,1,54,12,3.657421518,snorkel downstream,observer,0,0,0,1,34,0,0,,9541
9/5/2018,9,2018,204,Bourbon,301,Control,10:14,15,1,55,12,3.657421518,snorkel downstream,observer,0,0,0,0,13,0,0,,8714
9/18/2018,9,2018,204,Bourbon,301,Control,11:30,13.5,1,54,12,3.657421518,snorkel downstream,observer,4,0,0,3,90,0,0,,8019
10/3/2018,10,2018,204,Bourbon,301,Control,11:15,1,2,58,10,3.047851265,snorkel downstream,observer,2,0,0,24,38,0,1,1 Hardhead,7269
10/17/2018,10,2018,204,Bourbon,301,Control,10:35,13,1,55,10,3.047851265,snorkel downstream,observer,15,10,0,1,107,0,1,1 Sclupin,7298
12/10/2018,12,2018,204,Bourbon,301,Control,10:40,8,1,57,11,3.352636391,snorkel downstream,observer,7,29,0,0,40,0,0,Visibility reduced durning snorkel,4018
1/2/2019,1,2019,204,Bourbon,301,Control,10:00,,1,48,5,1.523925632,snorkel downstream,observer,0,20,0,520,2,2,0,2 AD LFR,4027
1/29/2019,1,2019,204,Bourbon,301,Control,10:20,,1,49,7,2.133495885,snorkel downstream,observer,0,7,0,124,0,0,2,2 Sculp,3249
2/3/2016,2,2016,206,Clear Creek,221,Control,10:15,,2,48,9,2.743066138,snorkel downstream,observer,0,24,0,227,0,0,0,,3290
2/5/2016,2,2016,206,Clear Creek,221,Control,10:30,,1,47,6,1.828710759,snorkel downstream,observer,0,9,0,261,0,0,0,,3310
2/5/2016,2,2016,206,Clear Creek,221,Control,11:10,,1,47,6,1.828710759,snorkel upstream,observer,0,8,0,356,1,0,0,,3200
2/25/2016,2,2016,206,Clear Creek,221,Control,13:33,,1,51,4,1.219140506,snorkel downstream,observer,0,0,0,27,222,0,500,500 ciprinids,3260
3/2/2016,3,2016,206,Clear Creek,221,Control,13:35,,1,49,10,3.047851265,snorkel downstream,observer,0,0,0,58,40,0,271,40 roach  230 hard head  1 sunfish,3260
4/12/2016,4,2016,206,Clear Creek,221,Control,11:20,,4,56,10,3.047851265,snorkel downstream,observer,0,0,0,230,55,0,470,240 PM  230 HH,5100
4/25/2016,4,2016,206,Clear Creek,221,Control,12:00,,1,56,10,3.047851265,snorkel downstream,observer,0,0,0,77,160,0,702,700 Hardhead  2 Sac Suckers ,5030
5/3/2016,5,2016,206,Clear Creek,221,Control,12:35,,2,58,10,3.047851265,snorkel downstream,observer,0,0,0,125,627,0,1569, 1063 HH  1 sculpin 503 sac suckers  2 sunfish ,5530
5/11/2016,5,2016,206,Clear Creek,221,Control,13:20,,1,59,5,1.523925632,snorkel downstream,observer,48,0,0,240,102,0,0,,6530
5/12/2016,5,2016,206,Clear Creek,221,Control,13:45,,1,59,10,3.047851265,snorkel downstream,observer,0,0,0,0,338,0,1012,410 PM  320 HH  4 TSS  260 SS  18 TP,6560
6/14/2016,6,2016,206,Clear Creek,221,Control,10:10,,2,61,10,3.047851265,snorkel downstream,observer,1,0,0,68,74,0,1659,9 TSS  1600 HH  50 SS,8790
6/29/2016,6,2016,206,Clear Creek,221,Control,11:00,,1,60,6,1.828710759,snorkel downstream,observer,0,0,0,8,300,0,5525,4000 HARDHE  1500 SACSUC  25 THSPST,9020
7/28/2016,7,2016,206,Clear Creek,221,Control,12:50,,1,68,10,3.047851265,Snorkel Downstream,Observer,11,0,0,0,111,27,3278,1800 HH  770 SS  3 TP  705 PM 27 AdultPM/HH,10554
8/15/2016,8,2016,206,Clear Creek,221,Control,11:50,,1,62,8,2.438281012,Snorkel Downstream,Observer,0,0,0,25,65,0,2002,1000 HH  1000 SS 2 TSS,10530
8/23/2016,8,2016,206,Clear Creek,221,Control,12:00,,1,64,10,3.047851265,Snorkel Downstream,Observer,10,0,0,0,9,0,994,900 HH 80 SS 14 PM,10513
9/8/2016,9,2016,206,Clear Creek,221,Control,13:05,,1,64,10,3.047851265,Snorkel Downstream,Observer,17,0,0,0,18,0,1069,730 HH  192 SS  132 PM  15 tule P.,9546
9/15/2016,9,2016,206,Clear Creek,221,Control,13:50,,1,60,10,3.047851265,Snorkel Downstream,Observer,47,0,0,21,20,0,1340,685 HH  500 PM  150 SS  5 Tule P.,9041
9/27/2016,9,2016,206,Clear Creek,221,Control,13:20,,1,54,10,3.047851265,Snorkel Downstream,Observer,0,0,0,10,14,0,856,545 HH  264 PM  32 SS  10 TSS  5 Tule P.,7975
10/11/2016,10,2016,206,Clear Creek,221,Control,12:15,,1,58,10,3.047851265,Snorkel Downstream,Observer,0,1,0,20,0,0,137,100PM  2 SS  30 HH  5 Tule P.,7012
10/27/2016,10,2016,206,Clear Creek,221,Control,12:45,,4,58,2.5,0.761962816,Snorkel Downstream,Observer,0,0,0,0,1,0,9,6 PM  2 TSS  1 SS,5535
11/17/2016,11,2016,206,Clear Creek,221,Control,12:25,,1,55,10,3.047851265,Snorkel Downstream,Observer,9,1,0,0,1,0,735,510 HH  155 PM  50 SS  20 Tule P.,5040
11/29/2016,11,2016,206,Clear Creek,221,Control,12:55,,1,52,10,3.047851265,Snorkel Downstream,Observer,0,0,0,0,0,0,360,340 HH  20 PM,5035
12/20/2016,12,2016,206,Clear Creek,221,Control,13:00,,3,48,10,3.047851265,Snorkel Downstream,Observer,0,0,0,20,0,0,60,60HH,5072
6/19/2017,6,2017,206,Clear Creek,221,Control,10:40,,2,54,3,0.914355379,snorkel downstream,observer,0,0,0,0,45,0,26,6 HH  20 WESMOS,10303
7/25/2017,7,2017,206,Clear Creek,221,Control,9:45,1.2,1,61,10,3.047851265,snorkel downstream,observer,153,0,0,0,133,0,780,500 HH  100 PM  110 SS  30 TP  40 TSS,10666
8/10/2017,8,2017,206,Clear Creek,221,Control,11:45,14,1,66,10,3.047851265,snorkel downstream,observer,179,0,0,3,67,0,1087,536 HH  166 SS  315 PM  70 TP,10509
8/24/2017,8,2017,206,Clear Creek,221,Control,11:35,,1,63,10,3.047851265,snorkel downstream,observer,408,0,0,0,39,0,1700,500HH  200SS  300TP  700PM,10644
9/5/2017,9,2017,206,Clear Creek,221,Control,10:50,,1,62,10,3.047851265,snorkel downstream,observer,185,3,0,0,160,0,908,618HH  88SS  197PM  5TP,9114
9/19/2017,9,2017,206,Clear Creek,221,Control,11:00,,1,58,10,3.047851265,snorkel downstream,observer,161,1,0,0,40,0,1518,1100 HH 340 SS 28 TSS 50 PM,9042
10/4/2017,10,2017,206,Clear Creek,221,Control,10:40,,1,51,12,3.657421518,snorkel downstream,observer,47,16,0,0,5,0,1283,80 SS  1200 HH  2TSB  1TP,7924
10/17/2017,10,2017,206,Clear Creek,221,Control,10:45,0.92,1,52,10,3.047851265,snorkel downstream,observer,1,0,0,0,0,0,524,250 HH  270 PM  1 TP  1 TSS  1 SS  1 Sculpin,8026
11/2/2017,11,2017,206,Clear Creek,221,Control,12:00,,3,53,10,3.047851265,snorkel downstream,observer,0,0,0,0,0,0,332,282 PM  50 HH  1 Adult Trout,8075
11/14/2017,11,2017,206,Clear Creek,221,Control,10:10,,1,52,10,3.047851265,snorkel downstream,observer,0,0,0,0,0,0,105,30 TSS  75 HH,5383
11/28/2017,11,2017,206,Clear Creek,221,Control,11:00,,2,50,10,3.047851265,snorkel downstream,observer,0,0,0,0,0,0,125,125 PM,5000
12/15/2017,12,2017,206,Clear Creek,221,Control,11:30,,3,48,10,3.047851265,snorkel downstream,observer,0,0,0,0,0,0,112,110 HH  1 sculpin  1 tss,5030
12/26/2017,12,2017,206,Clear Creek,221,Control,11:00,,2,45,10,3.047851265,snorkel downstream,observer,0,0,0,0,0,0,1,1 pm,5072
1/11/2018,1,2018,206,Clear Creek,221,Control,12:30,,4,48,10,3.047851265,snorkel downstream,observer,0,0,0,0,0,0,3,3 pm,4088
1/22/2018,1,2018,206,Clear Creek,221,Control,10:35,,3,46,10,3.047851265,snorkel downstream,observer,0,0,0,0,0,0,0,,4052
2/7/2018,2,2018,206,Clear Creek,221,Control,10:00,,1,46,10,3.047851265,snorkel downstream,observer,0,0,0,240,0,0,32,32 PM,4010
2/21/2018,2,2018,206,Clear Creek,221,Control,12:00,,1,44,10,3.047851265,snorkel downstream,observer,0,10,0,252,15,0,52,52 PKM,3246
3/5/2018,3,2018,206,Clear Creek,221,Control,11:00,,1,47,10,3.047851265,snorkel downstream,observer,0,0,0,95,0,0,150,150 HH,3255
3/22/2018,3,2018,206,Clear Creek,221,Control,12:30,,2,48,1.5,0.45717769,snorkel downstream,observer,0,5,0,0,0,0,50,50 hardhead,3201
4/4/2018,4,2018,206,Clear Creek,221,Control,11:20,,3,54,10,3.047851265,snorkel downstream,observer,7,3,0,335,3,0,782,781 HH  1 rifscu,3258
4/17/2018,4,2018,206,Clear Creek,221,Control,11:10,,1,50,10,3.047851265,snorkel downstream,observer,3,0,0,290,41,0,380,300 HH  30 sacsuc  50PM,3285
4/30/2018,4,2018,206,Clear Creek,221,Control,12:50,,1,58,10,3.047851265,snorkel downstream,observer,33,1,0,246,20,0,492,480 HH  12 TSS,7058
5/15/2018,5,2018,206,Clear Creek,221,Control,13:36,,1,62,10,3.047851265,snorkel downstream,observer,6,0,0,345,53,0,552,550 PM (1 adult) 2 TP,8737
5/29/2018,5,2018,206,Clear Creek,221,Control,10:09,,1,57,12,3.657421518,snorkel downstream,observer,0,0,0,217,55,0,696,555 HH  2 TSB  12 TP  127 SS,9491
6/11/2018,6,2018,206,Clear Creek,221,Control,12:45,,1,62,12,3.657421518,snorkel downstream,observer,45,0,0,340,3,0,600,600 pm,9743
6/27/2018,6,2018,206,Clear Creek,221,Control,10:15,,1,58,12,3.657421518,snorkel downstream,observer,0,0,0,51,59,0,771,320 PM  1 HH  50 SS  400 minnows,12067
7/11/2018,7,2018,206,Clear Creek,221,Control,11:45,,1,62,12,3.657421518,snorkel downstream,observer,0,0,0,66,11,0,0,hundreds of PM  TSS  Suckers  TP,12994
7/24/2018,7,2018,206,Clear Creek,221,Control,12:28,,1,56,12,3.657421518,snorkel downstream,observer,0,0,0,0,46,1,304,1 adult PM  300 HH  4 PM,13044
8/9/2018,8,2018,206,Clear Creek,221,Control,12:20,,3,66,12,3.657421518,snorkel downstream,observer,0,0,0,83,128,0,426,204 HH  196 PM  26 TP,11199
8/24/2018,8,2018,206,Clear Creek,221,Control,9:55,,1,61,12,3.657421518,snorkel downstream,observer,6,0,0,56,68,0,421,330 HH  51 sacsuc  40 sacperch,9496
9/4/2018,9,2018,206,Clear Creek,221,Control,13:44,,1,62,12,3.657421518,snorkel downstream,observer,71,0,0,52,39,0,1000,300 HH  40 SACSUC  550 HH  110 TSS,9005
9/19/2018,9,2018,206,Clear Creek,221,Control,9:45,,1,62,12,3.657421518,snorkel downstream,observer,18,0,0,30,2,0,553,550 PM  3 SS,7621
10/3/2018,10,2018,206,Clear Creek,221,Control,10:45,,2,57,11,3.352636391,snorkel downstream,observer,9,0,0,29,43,0,505,250 Hardhead  20 Sucker 1 Adult Chinook,7269
10/30/2018,10,2018,206,Clear Creek,221,Control,13:00,,1,54,6,1.828710759,snorkel downstream,observer,0,0,0,0,2,0,106,106 TSS,6004
12/10/2018,12,2018,206,Clear Creek,221,Control,10:00,,1,53,3,0.914355379,snorkel downstream,observer,0,0,0,0,0,0,0,Did not snorkel,4018
1/29/2019,1,2019,206,Clear Creek,221,Control,9:50,,2,48,4,1.219140506,snorkel downstream,observer,0,0,0,20,0,0,210,210 HH Visibility only 1-2' at bottom of reach,3249
8/23/2016,8,2016,215,Cow Creek,467,Impact,11:00,,1,55,8,2.438281012,Snorkel Downstream,Observer,2,0,0,4,10,0,100,100 PM Potential impact site,10513
5/16/2018,5,2018,215,Cow Creek,467,Baseline,11:24,,2,54,10,3.047851265,snorkel downstream,observer,0,0,0,0,1,0,50,50 pm,9226
5/30/2018,5,2018,215,Cow Creek,467,Baseline,11:00,,1,56,10,3.047851265,snorkel downstream,observer,0,0,0,0,9,0,0,,9516
6/15/2018,6,2018,215,Cow Creek,467,Baseline,11:55,,1,55,10,3.047851265,snorkel downstream,observer,0,0,0,30,13,0,0,,10584
6/25/2018,6,2018,215,Cow Creek,467,Baseline,10:50,,1,54,10,3.047851265,snorkel downstream,observer,0,0,0,8,60,5,0,5 adult RT,12063
7/11/2018,7,2018,215,Cow Creek,467,Baseline,12:01,,1,57,12,3.657421518,snorkel downstream,observer,0,0,0,13,52,1,0,1 adult trout  1 adult WR,12994
7/23/2018,7,2018,215,Cow Creek,467,Baseline,11:07,,1,56,12,3.657421518,snorkel downstream,observer,0,0,0,219,48,0,5,5 SS,13070
8/9/2018,8,2018,215,Cow Creek,467,Baseline,9:50,,3,56,12,3.657421518,snorkel downstream,observer,0,0,0,25,126,0,0,,11199
9/5/2018,9,2018,215,Cow Creek,467,Baseline,11:55,,1,57,12,3.657421518,snorkel downstream,observer,2,0,0,1,117,0,695,670 HH  20 Dace  5 TSS,8714
9/18/2018,9,2018,215,Cow Creek,467,Baseline,10:00,,1,55,12,3.657421518,snorkel downstream,observer,8,3,0,9,187,0,427,100PM  15 Dace  5TSS  1SS  300HH  1 Sculpin,8019
10/3/2018,10,2018,215,Cow Creek,467,Baseline,11:10,,2,54,12,3.657421518,snorkel downstream,observer,35,0,0,0,99,0,45,PM,7269
10/17/2018,10,2018,215,Cow Creek,467,Baseline,12:24,,1,56,10,3.047851265,snorkel downstream,observer,3,112,0,0,65,0,0,,7298
6/25/2018,6,2018,203,Kapusta,291,Impact,12:15,,1,54,10,3.047851265,snorkel downstream,observer,8,0,0,20,34,0,26,25 HH  1 TSS,12063
7/7/2018,7,2018,203,Kapusta,291,Impact,10:20,,3,56,10,3.047851265,snorkel downstream,observer,1,0,0,0,99,0,0,,13008
7/11/2018,7,2018,203,Kapusta,291,Impact,13:30,,1,54,12,3.657421518,snorkel downstream,observer,0,0,0,55,103,0,0,PM  Suckers,12994
7/23/2018,7,2018,203,Kapusta,291,Impact,12:35,,1,57,12,3.657421518,snorkel downstream,observer,7,0,0,11,0,0,1,1 Rifscu,13070
8/23/2018,8,2018,203,Kapusta,291,Impact,13:00,,1,54,12,3.657421518,snorkel downstream,observer,2,0,0,0,111,0,101,100 PM  1 TSS,9541
9/5/2018,9,2018,203,Kapusta,291,Impact,10:50,,1,55,12,3.657421518,snorkel downstream,observer,0,0,0,0,7,0,0,,8714
9/18/2018,9,2018,203,Kapusta,291,Impact,12:45,,1,54,12,3.657421518,snorkel downstream,observer,0,0,0,200,20,0,0,,8019
10/3/2018,10,2018,203,Kapusta,291,Impact,12:15,,2,54,12,3.657421518,snorkel downstream,observer,10,0,0,0,55,0,0,,7269
10/17/2018,10,2018,203,Kapusta,291,Impact,9:00,,1,54,6,1.828710759,snorkel downstream,observer,0,0,0,0,55,0,163,163 Hardhead,7298
10/30/2018,10,2018,203,Kapusta,291,Impact,11:50,,1,54,10,3.047851265,snorkel downstream,observer,1,26,0,4,15,0,105,100 HH 5PM,6004
11/14/2018,11,2018,203,Kapusta,291,Impact,14:00,,2,57,5,1.523925632,snorkel downstream,observer,50,29,0,5,9,0,3,3 HH,4537
12/10/2018,12,2018,203,Kapusta,291,Impact,11:00,,1,57,11,3.352636391,snorkel downstream,observer,0,2,0,0,4,0,0,,4018
1/2/2019,1,2019,203,Kapusta,291,Impact,10:30,,1,48,5,1.523925632,snorkel downstream,observer,0,1,0,107,0,0,0,,4027
1/29/2019,1,2019,203,Kapusta,291,Impact,11:00,,1,49,5,1.523925632,snorkel downstream,observer,0,2,0,224,1,0,61,60 HH  1 TSS,3249
6/14/2017,6,2017,203,Kapusta,291,,10:45,,1,56,5,1.523925632,snorkel downstream,observer,0,0,0,0,0,0,500,numerous juvenile suckers,10031
4/30/2018,4,2018,203,Kapusta,291,Impact,10:40,,1,54,10,3.047851265,snorkel downstream,observer,0,0,0,8,0,0,105,100 HH  2 TP  3 TSS,7058
5/15/2018,5,2018,203,Kapusta,291,Impact,12:00,,1,55,10,3.047851265,snorkel downstream,observer,5,0,0,65,1,0,601,50 TSS  500 PM  1 Sculpin  50 WESMOS,8737
5/29/2018,5,2018,203,Kapusta,291,Impact,10:50,,1,53,12,3.657421518,snorkel downstream,observer,14,0,0,65,36,0,145,145 HH,9491
6/11/2018,6,2018,203,Kapusta,291,Impact,13:45,,1,55,12,3.657421518,snorkel downstream,observer,80,0,25,75,24,0,0,,9743
8/16/2016,8,2016,213,Kutras Lake,,Baseline,11:25,,1,55,8,2.438281012,Snorkel Downstream,Observer,0,0,0,0,0,0,0,,10483
8/24/2016,8,2016,213,Kutras Lake,,Baseline,11:00,,1,53,8,2.438281012,Snorkel Downstream,Observer,0,0,0,0,99,0,0,,10492
9/1/2016,9,2016,213,Kutras Lake,,Baseline,11:15,,1,54,8,2.438281012,Snorkel Downstream,Observer,0,0,0,0,20,0,0,,10039
11/15/2016,11,2016,213,Kutras Lake,,Baseline,12:20,,3,53,8,2.438281012,Snorkel Downstream,Observer,0,0,0,0,1,0,0,,5003
4/2/2018,4,2018,213,Kutras Lake,,Baseline,10:40,,1,52,10,3.047851265,snorkel downstream,observer,0,35,0,556,0,0,0,,3246
4/16/2018,4,2018,213,Kutras Lake,,Impact,10:25,,4,53,10,3.047851265,snorkel downstream,observer,16,0,0,5,15,0,6,1 TSS  5 SMB,3264
7/13/2016,7,2016,205,Lake California,1623,Baseline,10:00,,1,55,6,1.828710759,Snorkel Downstream,Observer,0,0,0,0,0,0,155,65 PM  90 SS,10500
8/25/2016,8,2016,205,Lake California,1623,Baseline,10:00,,1,55,8,2.438281012,Snorkel Downstream,Observer,0,0,0,0,0,0,300,200 PM  100 SS,10400
9/22/2016,9,2016,205,Lake California,1623,Baseline,10:00,,1,53,7,2.133495885,Snorkel Downstream,Observer,1,0,0,0,8,0,85,81 PM  4 SS,8415
7/24/2017,7,2017,205,Lake California,1623,Baseline,11:00,,1,55,7,2.133495885,snorkel downstream,observer,0,0,0,0,0,0,0,,11328
8/7/2017,8,2017,205,Lake California,1623,Baseline,10:15,,1,55,5,1.523925632,snorkel downstream,observer,0,0,0,0,3,0,147,140 sacsuc  6 PM  1 TP,11014
8/21/2017,8,2017,205,Lake California,1623,Baseline,10:20,,2,55,9,2.743066138,snorkel downstream,observer,0,0,0,0,6,0,0,,11057
9/6/2017,9,2017,205,Lake California,1623,Baseline,9:45,,2,54.7,5,1.523925632,snorkel downstream,observer,0,0,0,0,6,0,0,,10107
9/18/2017,9,2017,205,Lake California,1623,Baseline,11:00,,3,52.1,9,2.743066138,snorkel downstream,observer,0,0,0,0,1,0,0,,10067
10/3/2017,10,2017,205,Lake California,1623,Baseline,10:15,,1,58,5,1.523925632,snorkel downstream,observer,0,0,0,0,22,0,4,2 PM  2 SS,9190
10/16/2017,10,2017,205,Lake California,1623,Baseline,11:00,,1,51,12,3.657421518,snorkel downstream,observer,0,0,0,0,13,0,757,701 SS  56 HH,8424
10/30/2017,10,2017,205,Lake California,1623,Baseline,10:00,,1,52,9,2.743066138,snorkel downstream,observer,0,0,0,0,7,0,196,35 HH  61 SS  100TSS,8708
11/13/2017,11,2017,205,Lake California,1623,Baseline,10:20,,3,54,8,2.438281012,snorkel downstream,observer,0,0,0,0,38,0,83,60 SS  16 HH  7 TSS,6194
11/29/2017,11,2017,205,Lake California,1623,Baseline,10:20,,2,51,10,3.047851265,snorkel downstream,observer,0,0,0,0,0,0,308,190 SS  100 SB  18 HH  103 RT,5948
12/29/2017,12,2017,205,Lake California,1623,Baseline,11:15,,2,48,9,2.743066138,snorkel downstream,observer,0,1,0,0,3,0,94,63 HH  1 STB  30 SS,5637
1/11/2018,1,2018,205,Lake California,1623,Impact,12:00,,3,51,5,1.523925632,snorkel downstream,observer,0,2,0,0,17,0,15,6 HH  9SS,5369
2/6/2018,2,2018,205,Lake California,1623,Impact,11:15,,1,51,11,3.352636391,snorkel downstream,observer,0,198,0,0,19,0,129,118 HH  8 TSS  2 STB  1 RIFSCU,5201
2/20/2018,2,2018,205,Lake California,1623,Impact,10:20,,2,50,12,3.657421518,snorkel downstream,observer,0,115,0,0,1,0,345,190HH 150 SACSUC 4STB 1 LAMSPP,4259
3/8/2018,3,2018,205,Lake California,1623,Impact,10:00,,3,52,10,3.047851265,snorkel downstream,observer,0,40,0,60,0,0,225,101 SACSUC  100 TSS  20 HH  2 TP  2 SACPIK,4354
3/20/2018,3,2018,205,Lake California,1623,Impact,10:30,,3,53,6,1.828710759,snorkel downstream,observer,0,9,0,15,3,0,72,51 sacsuc  21 hardhead,5096
4/3/2018,4,2018,205,Lake California,1623,Impact,11:00,,1,54,9,2.743066138,snorkel downstream,observer,0,0,1,110,9,0,439,275 sacsuc  141 HH  20 stb  2 TP  1 rifscu,5166
4/19/2018,4,2018,205,Lake California,1623,Impact,11:45,,1,53,8,2.438281012,snorkel downstream,observer,0,109,0,19,1,0,207,168 HH  35 sacsuc  1 TP  1 rifscu,5505
5/3/2018,5,2018,205,Lake California,1623,Impact,11:15,,1,54,9,2.743066138,snorkel downstream,observer,1,31,0,54,1,0,336,235 HH  101 SS WR Were ad-clipped,8228
5/14/2018,5,2018,205,Lake California,1623,Impact,9:35,,1,53,8,2.438281012,snorkel downstream,observer,0,18,0,8,4,0,277,121HH  155SACSUC  1 adult RBT,9443
5/31/2018,5,2018,205,Lake California,1623,Impact,10:15,,1,54,5,1.523925632,snorkel downstream,observer,0,0,0,11,1,0,246,245 HH  1 SACSUC,9738
6/12/2018,6,2018,205,Lake California,1623,Impact,10:45,,1,56,12,3.657421518,snorkel downstream,observer,0,0,0,0,0,0,135,111 HH  1 sculpin  21 SS,10592
6/26/2018,6,2018,205,Lake California,1623,Impact,10:26,,1,54,9,2.743066138,snorkel downstream,observer,0,0,0,0,2,1,68,42 HH  15 SS  10 TSS  1 sculpin  1 adult trout,12381
7/10/2018,7,2018,205,Lake California,1623,Impact,9:30,,1,56,8,2.438281012,snorkel downstream,observer,0,0,0,0,28,12,73,12 adult PM  69 hh  4 tss,13106
7/24/2018,7,2018,205,Lake California,1623,Impact,12:20,,1,60,11,3.352636391,snorkel downstream,observer,0,0,0,0,14,4,372,TSS  HH  PM  SS,13047
8/6/2018,8,2018,205,Lake California,1623,Impact,9:07,,3,56,10,3.047851265,snorkel downstream,observer,0,0,0,35,35,23,91,9 PM  64 HH  12 TSS  6 SS,12122
8/21/2018,8,2018,205,Lake California,1623,Impact,11:59,,1,58,12,3.657421518,snorkel downstream,observer,0,0,0,0,13,22,11,25 HH  1 sacsuc,10835
9/5/2018,9,2018,205,Lake California,1623,Impact,9:45,,1,58,9,2.743066138,snorkel downstream,observer,0,0,0,6,5,2,302,2 adult HH,9551
9/17/2018,9,2018,205,Lake California,1623,Impact,9:15,,1,55,6,1.828710759,snorkel downstream,observer,2,2,0,2,7,1,174,1 adult RT  114 HH  60 SS,8640
10/1/2018,10,2018,205,Lake California,1623,Impact,9:26,,3,56,8,2.438281012,snorkel downstream,observer,0,8,0,0,22,52,100,HH  2 adult trout,7680
10/15/2018,10,2018,205,Lake California,1623,Impact,9:30,,1,56,7,2.133495885,snorkel downstream,observer,37,18,0,17,32,0,301,300 Hardhead  1 Sucker,7212
11/7/2018,11,2018,205,Lake California,1623,Impact,9:00,,1,55,6,1.828710759,snorkel downstream,observer,41,48,0,0,13,4,83,83 HH,5387
11/26/2018,11,2018,205,Lake California,1623,Impact,9:30,,3,56,6,1.828710759,snorkel downstream,observer,6,3,0,0,8,0,300,300 HH,5280
12/12/2018,12,2018,205,Lake California,1623,Impact,9:45,,1,53,5,1.523925632,snorkel downstream,observer,2,20,0,0,26,2,181,1 adult trout  160 HH(1 adult)  9 SS  12 PM  1 LMB,4908
1/2/2019,1,2019,205,Lake California,1623,Impact,10:30,,1,51,9,2.743066138,snorkel downstream,observer,0,0,0,21,2,0,0,,5316
1/31/2019,1,2019,205,Lake California,1623,Impact,12:30,,1,56,6,1.828710759,snorkel downstream,observer,0,0,0,104,0,0,207,207 HH,5634
6/14/2017,6,2017,214,Mainstem North,301,control,10:35,,1,56,6,1.828710759,snorkel downstream,observer,0,0,0,2,1,0,2,2 suckers,11679
7/24/2017,7,2017,214,Mainstem North,301,control,12:30,,1,55,6,1.828710759,snorkel downstream,observer,0,0,0,0,0,0,0,,11328
8/7/2017,8,2017,214,Mainstem North,301,control,11:50,,1,55,10,3.047851265,snorkel downstream,observer,0,0,0,0,3,0,0,,11014
8/21/2017,8,2017,214,Mainstem North,301,control,12:40,,1,54,9,2.743066138,snorkel downstream,observer,0,0,0,0,2,0,240,240 Sac Suckers,11057
9/6/2017,9,2017,214,Mainstem North,301,control,12:15,,2,54.1,7,2.133495885,snorkel downstream,observer,0,0,0,0,0,0,0,,10107
9/18/2017,9,2017,214,Mainstem North,301,control,12:20,,2,52.4,9,2.743066138,snorkel downstream,observer,0,0,0,0,0,0,0,,10067
10/3/2017,10,2017,214,Mainstem North,301,control,12:30,,1,57,8,2.438281012,snorkel downstream,observer,0,0,0,0,9,0,0,,9190
10/16/2017,10,2017,214,Mainstem North,301,control,12:55,,1,52,10,3.047851265,snorkel downstream,observer,0,0,0,0,12,0,0,,8424
10/30/2017,10,2017,214,Mainstem North,301,control,11:25,,1,52,8,2.438281012,snorkel downstream,observer,0,0,0,0,9,0,0,,8708
11/13/2017,11,2017,214,Mainstem North,301,control,11:40,,3,53,8,2.438281012,snorkel downstream,observer,0,2,0,0,0,0,0,,6194
11/29/2017,11,2017,214,Mainstem North,301,control,12:15,,2,50,7,2.133495885,snorkel downstream,observer,0,0,0,0,0,0,0,,5948
12/29/2017,12,2017,214,Mainstem North,301,control,13:15,,2,48,9,2.743066138,snorkel downstream,observer,0,0,0,0,0,0,0,,5637
1/11/2018,1,2018,214,Mainstem North,301,control,14:00,,3,50,5,1.523925632,snorkel downstream,observer,0,0,0,0,0,0,1,1 SS,5369
2/6/2018,2,2018,214,Mainstem North,301,control,13:30,,1,51,10,3.047851265,snorkel downstream,observer,0,17,0,0,0,0,0,,5201
2/22/2018,2,2018,214,Mainstem North,301,control,15:00,,2,51,12,3.657421518,snorkel downstream,observer,0,0,0,0,0,0,0,,4226
3/8/2018,3,2018,214,Mainstem North,301,control,13:23,,3,52,10,3.047851265,snorkel downstream,observer,0,0,0,0,0,0,0,,4354
3/20/2018,3,2018,214,Mainstem North,301,control,12:35,,3,53,7,2.133495885,snorkel downstream,observer,0,0,0,0,0,0,0,,5096
4/19/2018,4,2018,214,Mainstem North,301,Control,13:40,,1,54,4,1.219140506,snorkel downstream,observer,0,0,0,0,0,0,0,,5505
5/3/2018,5,2018,214,Mainstem North,301,Control,13:00,,1,54,8,2.438281012,snorkel downstream,observer,0,0,0,0,0,0,200,200 SS,8228
5/14/2018,5,2018,214,Mainstem North,301,Control,14:35,,1,58,9,2.743066138,snorkel downstream,observer,0,0,0,0,3,0,166,115HH  11SACSUC,9443
5/31/2018,5,2018,214,Mainstem North,301,Control,11:45,,1,54,8,2.438281012,snorkel downstream,observer,0,0,0,0,0,0,0,,9738
6/12/2018,6,2018,214,Mainstem North,301,Control,12:50,,1,59,12,3.657421518,snorkel downstream,observer,0,0,0,0,0,0,0,,10592
7/10/2018,7,2018,214,Mainstem North,301,Control,11:20,,1,56,10,3.047851265,snorkel downstream,observer,0,0,0,0,0,0,0,,13106
7/24/2018,7,2018,214,Mainstem North,301,Control,11:54,,1,59,10,3.047851265,snorkel downstream,observer,0,0,0,0,3,0,1,1 TSS,13047
8/21/2018,8,2018,214,Mainstem North,301,Control,13:24,,1,58,12,3.657421518,snorkel downstream,observer,0,0,0,0,0,1,0,1 HH,10835
9/5/2018,9,2018,214,Mainstem North,301,Control,10:48,,1,58,6,1.828710759,snorkel downstream,observer,0,0,0,0,0,0,0,,9551
9/17/2018,9,2018,214,Mainstem North,301,Control,10:30,,1,54,10,3.047851265,snorkel downstream,observer,0,0,0,0,0,0,0,,8640
10/1/2018,10,2018,214,Mainstem North,301,Control,10:40,,3,54,8,2.438281012,snorkel downstream,observer,0,1,0,0,0,0,0,,7680
10/15/2018,10,2018,214,Mainstem North,301,Control,10:30,,1,56,7,2.133495885,snorkel downstream,observer,0,0,0,0,5,0,0,,7926
11/7/2018,11,2018,214,Mainstem North,301,Control,10:00,,1,55,7,2.133495885,snorkel downstream,observer,0,0,0,0,2,0,0,,4607
11/26/2018,11,2018,214,Mainstem North,301,Control,10:45,,3,55,6,1.828710759,snorkel downstream,observer,0,0,0,0,0,0,0,,5280
1/31/2019,1,2019,214,Mainstem North,301,Control,13:30,,1,56,4,1.219140506,snorkel downstream,observer,0,0,0,25,0,0,0,,5634
7/24/2017,7,2017,216,Mainstem South,473,control,12:00,,1,57,8,2.438281012,snorkel downstream,observer,0,0,0,0,0,0,22,12 HH 1 SS 8 SB 1 PM,11328
8/7/2017,8,2017,216,Mainstem South,473,control,13:50,,1,57,8,2.438281012,snorkel downstream,observer,0,0,0,0,1,0,82,1 STB  3 TP  24 SP  53 SS  1 rifscu,11014
8/23/2017,8,2017,216,Mainstem South,473,control,10:55,,1,56,9.5,2.895458702,snorkel downstream,observer,0,0,0,0,0,0,35,24 HH  9SS  2 TSS,11199
9/6/2017,9,2017,216,Mainstem South,473,control,14:06,,2,58.1,8,2.438281012,snorkel downstream,observer,0,0,0,0,5,0,0,,10107
9/20/2017,9,2017,216,Mainstem South,473,control,10:50,,2,54.2,8,2.438281012,snorkel downstream,observer,0,0,0,0,2,0,155,100 HH  40 SS  15TSB,10118
10/5/2017,10,2017,216,Mainstem South,473,control,11:30,,1,55,3,0.914355379,snorkel downstream,observer,0,0,0,0,0,0,0,low visibility along banks due to silt,9086
10/18/2017,10,2017,216,Mainstem South,473,control,10:55,,1,53,8,2.438281012,snorkel downstream,observer,0,68,0,0,0,0,135,100 HH  35 SS,8444
11/1/2017,11,2017,216,Mainstem South,473,control,11:19,,1,53,8,2.438281012,snorkel downstream,observer,0,0,0,0,13,0,225,160 HH  60 SS  5 TSS,8732
11/15/2017,11,2017,216,Mainstem South,473,control,10:25,,4,52,7,2.133495885,snorkel downstream,observer,0,0,0,0,0,0,0,water very turbid,6118
3/29/2018,3,2018,216,Mainstem South,473,control,10:45,,2,55,6,1.828710759,snorkel downstream,observer,0,0,0,0,0,0,0,,5384
4/3/2018,4,2018,216,Mainstem South,473,control,13:10,,1,55,7,2.133495885,snorkel downstream,observer,0,0,0,1,0,0,0,,5166
5/14/2018,5,2018,216,Mainstem South,473,Control,11:15,,1,53,8,2.438281012,snorkel downstream,observer,0,0,0,0,0,0,0,,9443
6/14/2018,6,2018,216,Mainstem South,473,Control,10:35,,1,60,5,1.523925632,snorkel downstream,observer,0,0,0,0,0,0,2,1 HH  1 SACSUC,11056
6/26/2018,6,2018,216,Mainstem South,473,Control,12:04,,1,54,9,2.743066138,snorkel downstream,observer,0,0,0,0,0,0,0,,12381
7/10/2018,7,2018,216,Mainstem South,473,Control,12:51,,1,56,7,2.133495885,snorkel downstream,observer,0,0,0,0,0,0,2,2 TSS,13106
7/24/2018,7,2018,216,Mainstem South,473,Control,9:03,,1,60,11,3.352636391,snorkel downstream,observer,0,0,0,0,0,0,0,,13047
8/6/2018,8,2018,216,Mainstem South,473,Control,10:53,,3,56,12,3.657421518,snorkel downstream,observer,1,0,0,0,3,0,5,HH,12122
8/21/2018,8,2018,216,Mainstem South,473,Control,9:08,,1,58,11,3.352636391,snorkel downstream,observer,0,1,0,0,0,1,0,1 HH,10835
9/5/2018,9,2018,216,Mainstem South,473,Control,13:10,,1,60,8,2.438281012,snorkel downstream,observer,5,0,0,0,0,0,9,8 HH  1 SACSUC,9551
9/17/2018,9,2018,216,Mainstem South,473,Control,11:45,,1,58,8,2.438281012,snorkel downstream,observer,1,0,0,0,0,0,15,15 HH,8640
10/1/2018,10,2018,216,Mainstem South,473,Control,12:49,,2,57,10,3.047851265,snorkel downstream,observer,0,0,0,0,0,0,0,,7680
10/15/2018,10,2018,216,Mainstem South,473,Control,12:50,,1,55,7,2.133495885,snorkel downstream,observer,50,30,0,0,0,0,0,,7926
12/20/2016,12,2016,201,North Cypress,590,Impact,10:35,,2,50,6,1.828710759,Snorkel Downstream,Observer,0,0,0,0,1,0,0,adult steelhead,5072
12/29/2016,12,2016,201,North Cypress,590,Impact,10:30,,1,51,,#VALUE!,Snorkel Downstream,Observer,0,0,0,2,0,0,0,,1025
6/19/2017,6,2017,201,North Cypress,590,Impact,13:30,,1,53,3,0.914355379,snorkel downstream,observer,0,0,0,5,283,0,0,Top and bottom channels combined,10303
7/12/2017,7,2017,201,North Cypress,590,Impact,10:05,,1,50,4.5,1.371533069,snorkel downstream,observer,0,0,0,0,165,0,0,upper half of 201,10394
7/12/2017,7,2017,201,North Cypress,590,Impact,11:00,,1,50,4.5,1.371533069,snorkel downstream,observer,10,0,0,0,265,0,0,lower half of 201,10394
7/25/2017,7,2017,201,North Cypress,590,Impact,13:42,,1,54,7,2.133495885,snorkel downstream,observer,15,0,0,0,525,0,4,4 TSS,10666
8/9/2017,8,2017,201,North Cypress,590,Impact,10:50,,1,53,8,2.438281012,snorkel downstream,observer,0,0,0,0,439,0,102,2 TSS  100 Sacsuc,10313
8/22/2017,8,2017,201,North Cypress,590,Impact,10:30,,1,54,7,2.133495885,snorkel downstream,observer,0,0,0,0,234,0,3,3 TSS,10466
9/7/2017,9,2017,201,North Cypress,590,Impact,10:20,,3,53,3,0.914355379,snorkel downstream,observer,0,0,0,0,19,0,0,,9131
9/21/2017,9,2017,201,North Cypress,590,Impact,10:45,,1,53,5,1.523925632,snorkel downstream,observer,1,21,0,0,20,0,0,,9029
10/2/2017,10,2017,201,North Cypress,590,Impact,10:40,,1,49.8,8,2.438281012,snorkel downstream,observer,0,2,0,0,62,0,0,,8073
10/19/2017,10,2017,201,North Cypress,590,Impact,11:25,,2,52,10,3.047851265,snorkel downstream,observer,0,0,0,0,57,0,0,bottom of cypress  silt= bad vis,8019
10/19/2017,10,2017,201,North Cypress,590,Impact,12:10,,2,52,10,3.047851265,snorkel downstream,observer,0,0,0,0,110,0,0,top of cypress,8019
10/31/2017,10,2017,201,North Cypress,590,Impact,11:30,,1,53,10,3.047851265,snorkel downstream,observer,40,563,0,0,98,0,3,2 Adult trout  3 TSS,8161
11/16/2017,11,2017,201,North Cypress,590,Impact,11:15,,2,53,10,3.047851265,snorkel downstream,observer,0,0,0,0,0,0,0,bottom of cypress,5007
11/16/2017,11,2017,201,North Cypress,590,Impact,11:45,,2,53,10,3.047851265,snorkel downstream,observer,0,166,0,0,18,0,1,1 sculpin  top of cypress,5007
11/30/2017,11,2017,201,North Cypress,590,Impact,11:00,,2,52,10,3.047851265,snorkel downstream,observer,0,0,0,0,20,0,0,Bottom of cypress,5005
11/30/2017,11,2017,201,North Cypress,590,Impact,11:20,,2,52,10,3.047851265,snorkel downstream,observer,0,0,0,0,31,0,0,Top of cypress,5005
12/17/2017,12,2017,201,North Cypress,590,Impact,11:00,,2,50,10,3.047851265,snorkel downstream,observer,0,0,0,0,1,0,0,bottom of cypress,5026
12/17/2017,12,2017,201,North Cypress,590,Impact,11:20,,1,50,10,3.047851265,snorkel downstream,observer,0,100,0,0,18,0,0,top of cypress,5026
12/19/2017,12,2017,201,North Cypress,590,Impact,10:45,,2,50,10,3.047851265,snorkel downstream,observer,0,0,0,0,2,0,0,bottom of cypress 1 adult trout mort,5080
12/19/2017,12,2017,201,North Cypress,590,Impact,11:15,,2,50,10,3.047851265,snorkel downstream,observer,0,4,0,0,70,0,1,top of cypress 1 sculpin,5080
12/27/2017,12,2017,201,North Cypress,590,Impact,11:00,,2,50,10,3.047851265,snorkel downstream,observer,0,0,0,0,1,0,0,bottom of north cypress,5068
12/27/2017,12,2017,201,North Cypress,590,Impact,11:20,,1,50,10,3.047851265,snorkel downstream,observer,0,100,0,0,18,0,0,top of north cypress,5068
1/9/2018,1,2018,201,North Cypress,590,Impact,10:25,,3,51,8,2.438281012,snorkel downstream,observer,0,50,0,290,0,0,0,,4098
1/23/2018,1,2018,201,North Cypress,590,Impact,10:45,,3,50,8,2.438281012,snorkel downstream,observer,0,0,0,282,1,0,3,adult trout  2 sculpin  1 tss,4055
2/5/2018,2,2018,201,North Cypress,590,Impact,11:45,,1,52,10,3.047851265,snorkel downstream,observer,0,0,0,935,0,0,0,top of cypress,4000
2/5/2018,2,2018,201,North Cypress,590,Impact,13:15,,1,52,10,3.047851265,snorkel downstream,observer,0,0,0,310,0,0,0,1 adult salmon (bottom of cypress),4000
2/23/2018,2,2018,201,North Cypress,590,Impact,11:15,,1,52,10,3.047851265,snorkel downstream,observer,0,24,0,1208,1,0,2,1 RIFSCU 1 TSS,3210
3/5/2018,3,2018,201,North Cypress,590,Impact,13:00,,1,51,10,3.047851265,snorkel downstream,observer,0,200,0,1300,0,0,0,,3255
3/20/2018,3,2018,201,North Cypress,590,Impact,11:05,,3,50,10,3.047851265,snorkel downstream,observer,0,0,0,1025,150,0,0,,3341
4/2/2018,4,2018,201,North Cypress,590,Impact,12:00,,1,52,10,3.047851265,snorkel downstream,observer,0,41,0,2682,20,0,0,,3246
4/16/2018,4,2018,201,North Cypress,590,Impact,13:15,,3,52,10,3.047851265,snorkel downstream,observer,1063,6,0,2060,98,0,0,,3264
5/2/2018,5,2018,201,North Cypress,590,Impact,9:30,,1,51,10,3.047851265,snorkel downstream,observer,574,22,0,2153,214,0,1,1 SCULPIN,7236
5/15/2018,5,2018,201,North Cypress,590,Impact,12:00,,1,50,10,3.047851265,snorkel downstream,observer,239,1,0,3400,717,0,0,Beaver,8737
5/29/2018,5,2018,201,North Cypress,590,Impact,12:24,,1,56,10,3.047851265,snorkel downstream,observer,290,0,0,1948,516,0,0,,9491
6/11/2018,6,2018,201,North Cypress,590,Impact,13:40,,1,54,10,3.047851265,snorkel downstream,observer,292,0,0,1424,347,0,1,1 adult rainbow trout,9743
6/27/2018,6,2018,201,North Cypress,590,Impact,13:20,,1,54,12,3.657421518,snorkel downstream,observer,71,0,0,325,153,1,0,1 adult WR  1 Adult trout,12067
7/10/2018,7,2018,201,North Cypress,590,Impact,11:40,,1,54,12,3.657421518,snorkel downstream,observer,10,0,0,80,110,0,0,,13023
7/25/2018,7,2018,201,North Cypress,590,Impact,11:00,,1,56,12,3.657421518,snorkel downstream,observer,0,0,0,0,60,0,0,,13027
8/8/2018,8,2018,201,North Cypress,590,Impact,11:18,,3,54,12,3.657421518,snorkel downstream,observer,0,0,0,170,362,0,1,1 Rifscu  1 adult WR,11502
8/24/2018,8,2018,201,North Cypress,590,Impact,12:20,,1,54,12,3.657421518,snorkel downstream,observer,10,6,0,91,537,0,2,2 TSS,9496
9/4/2018,9,2018,201,North Cypress,590,Impact,10:25,,1,55,12,3.657421518,snorkel downstream,observer,21,1,0,0,413,0,0,1 adult FR,9005
9/21/2018,9,2018,201,North Cypress,590,Impact,10:48,,1,52,12,3.657421518,snorkel downstream,observer,2,163,0,0,74,0,0,,7269
10/1/2018,10,2018,201,North Cypress,590,Impact,11:20,,4,53,12,3.657421518,snorkel downstream,observer,45,0,0,0,0,3,0,3 adult trout  1 adult FR,7233
10/16/2018,10,2018,201,North Cypress,590,Impact,10:30,,1,54,10,3.047851265,snorkel downstream,observer,3140,1866,0,0,525,4,0,4 Adult RBT,7225
11/1/2018,11,2018,201,North Cypress,590,Impact,11:57,,1,55,10,3.047851265,snorkel downstream,observer,416,3116,0,0,410,0,0,,5708
11/13/2018,11,2018,201,North Cypress,590,Impact,13:00,,2,53,10,3.047851265,snorkel downstream,observer,0,520,0,0,1,0,1,1 Adult FR 1 Sculpin,4553
11/28/2018,11,2018,201,North Cypress,590,Impact,10:15,,3,55,7,2.133495885,snorkel downstream,observer,0,0,0,0,1,0,2,1 Adult FR  2 TSS,3985
12/10/2018,12,2018,201,North Cypress,590,Impact,11:20,,1,53,7,2.133495885,snorkel downstream,observer,0,5,0,2,0,0,0,,4018
12/31/2018,12,2018,201,North Cypress,590,Impact,11:10,,1,48,6,1.828710759,snorkel downstream,observer,0,7,0,4616,1,1,0,1 Adult LFR,3990
1/30/2019,1,2019,201,North Cypress,590,Impact,11:05,,2,50,5,1.523925632,snorkel downstream,observer,0,0,0,66,0,0,0,,3251
11/15/2016,11,2016,210,Painters,290,Impact,13:05,,3,53,8,2.438281012,Snorkel Downstream,Observer,1,10,0,0,0,0,0,,5003
5/22/2017,5,2017,210,Painters,290,Impact,12:00,,1,55,2,0.609570253,snorkel downstream,observer,0,0,0,0,20,0,0,,13017
7/25/2017,7,2017,210,Painters,290,Impact,11:10,,1,52,7,2.133495885,snorkel downstream,observer,0,0,0,0,900,0,0,,10666
8/9/2017,8,2017,210,Painters,290,Impact,10:10,,1,53,8,2.438281012,snorkel downstream,observer,0,0,0,0,515,0,0,,10313
8/22/2017,8,2017,210,Painters,290,Impact,10:00,,1,54,7,2.133495885,snorkel downstream,observer,0,0,0,0,209,0,0,,10466
9/7/2017,9,2017,210,Painters,290,Impact,10:15,,4,53,3,0.914355379,snorkel downstream,observer,0,0,0,0,22,0,0,,9131
9/21/2017,9,2017,210,Painters,290,Impact,10:15,,1,52,6,1.828710759,snorkel downstream,observer,0,0,0,0,53,0,0,,9029
10/2/2017,10,2017,210,Painters,290,Impact,10:00,,1,50.3,12,3.657421518,snorkel downstream,observer,0,10,0,0,100,0,0,,8073
10/17/2017,10,2017,210,Painters,290,Impact,13:05,,1,52,10,3.047851265,snorkel downstream,observer,0,0,0,0,182,0,0,,8026
10/31/2017,10,2017,210,Painters,290,Impact,10:40,,1,53,10,3.047851265,snorkel downstream,observer,41,21,0,0,229,0,0,,8161
11/16/2017,11,2017,210,Painters,290,Impact,13:15,,2,52,10,3.047851265,snorkel downstream,observer,0,5,0,0,1,0,0,,5007
11/30/2017,11,2017,210,Painters,290,Impact,12:15,,3,53,10,3.047851265,snorkel downstream,observer,0,0,0,0,4,0,0,,5005
12/17/2017,12,2017,210,Painters,290,Impact,12:50,,1,51,10,3.047851265,snorkel downstream,observer,0,0,0,0,0,0,0,,5026
12/19/2017,12,2017,210,Painters,290,Impact,12:21,,3,52,10,3.047851265,snorkel downstream,observer,0,0,0,0,0,0,1,1 sculpin,5080
12/27/2017,12,2017,210,Painters,290,Impact,12:50,,1,51,10,3.047851265,snorkel downstream,observer,0,0,0,0,0,0,0,,5068
1/9/2018,1,2018,210,Painters,290,Impact,10:00,,3,51,8,2.438281012,snorkel downstream,observer,0,0,0,4,0,0,0,,4098
1/23/2018,1,2018,210,Painters,290,Impact,10:10,,3,50,8,2.438281012,snorkel downstream,observer,0,0,0,4,0,0,0,,4055
2/5/2018,2,2018,210,Painters,290,Impact,10:45,,1,52,10,3.047851265,snorkel downstream,observer,0,10,0,327,3,0,0,,4000
2/23/2018,2,2018,210,Painters,290,Impact,10:40,,1,50,10,3.047851265,snorkel downstream,observer,0,50,0,52,7,0,0,,3210
3/5/2018,3,2018,210,Painters,290,Impact,14:07,,1,51,10,3.047851265,snorkel downstream,observer,0,10,0,65,0,0,0,,3255
3/20/2018,3,2018,210,Painters,290,Impact,10:40,,3,50,10,3.047851265,snorkel downstream,observer,0,0,0,0,50,0,0,,
4/2/2018,4,2018,210,Painters,290,Impact,11:30,,1,52,10,3.047851265,snorkel downstream,observer,0,0,0,141,40,0,0,,3246
5/2/2018,5,2018,210,Painters,290,Impact,12:30,,1,51,10,3.047851265,snorkel downstream,observer,11,0,0,100,57,0,3,3 SUCKERS,7236
5/14/2018,5,2018,210,Painters,290,Impact,12:20,,1,53,10,3.047851265,snorkel downstream,observer,13,0,0,220,49,0,0,,8716
5/29/2018,5,2018,210,Painters,290,Impact,11:30,,1,54,10,3.047851265,snorkel downstream,observer,191,0,0,1,149,0,0,,9491
6/11/2018,6,2018,210,Painters,290,Impact,12:50,,1,54,10,3.047851265,snorkel downstream,observer,30,0,0,51,102,0,0,,9743
6/28/2018,6,2018,210,Painters,290,Impact,10:45,,1,54,12,3.657421518,snorkel downstream,observer,0,0,0,25,54,0,0,,12065
7/10/2018,7,2018,210,Painters,290,Impact,10:00,,1,54,12,3.657421518,snorkel downstream,observer,0,0,0,106,444,0,0,,13023
7/25/2018,7,2018,210,Painters,290,Impact,12:15,,1,55,12,3.657421518,snorkel downstream,observer,0,0,0,7,168,0,0,,13027
8/8/2018,8,2018,210,Painters,290,Impact,12:24,,3,55,12,3.657421518,snorkel downstream,observer,0,0,0,0,1015,0,0,,11502
8/22/2018,8,2018,210,Painters,290,Impact,14:18,,1,54,12,3.657421518,snorkel downstream,observer,25,0,0,0,1461,0,0,,9704
9/4/2018,9,2018,210,Painters,290,Impact,10:07,,1,55,12,3.657421518,snorkel downstream,observer,0,0,0,0,188,0,0,,9005
9/21/2018,9,2018,210,Painters,290,Impact,10:20,,1,52,10,3.047851265,snorkel downstream,observer,1,24,0,0,38,0,0,4 dogs on RL,7269
10/1/2018,10,2018,210,Painters,290,Impact,11:00,,3,53,12,3.657421518,snorkel downstream,observer,100,37,0,0,10,0,0,,7233
10/15/2018,10,2018,210,Painters,290,Impact,12:06,,1,54,10,3.047851265,snorkel downstream,observer,198,450,0,0,22,0,0,,7212
11/1/2018,11,2018,210,Painters,290,Impact,11:25,,1,55,10,3.047851265,snorkel downstream,observer,0,750,0,0,60,0,0,1 adult FR salmon,5708
11/13/2018,11,2018,210,Painters,290,Impact,11:45,,2,53,10,3.047851265,snorkel downstream,observer,0,177,0,0,1,0,0,,4553
11/28/2018,11,2018,210,Painters,290,Impact,9:50,,3,55,7,2.133495885,snorkel downstream,observer,0,0,0,0,0,0,0,,3985
12/10/2018,12,2018,210,Painters,290,Impact,11:00,,1,53,7,2.133495885,snorkel downstream,observer,0,0,0,0,0,0,7,,4018
12/31/2018,12,2018,210,Painters,290,Impact,12:20,,1,48,6,1.828710759,snorkel downstream,observer,0,0,0,458,0,0,0,,3990
1/30/2019,1,2019,210,Painters,290,Impact,12:35,,2,50,5,1.523925632,snorkel downstream,observer,0,0,0,622,0,0,0,,3251
8/12/2016,8,2016,217,Reading Island,3526,Impact,9:00,,1,70,2,0.609570253,Snorkel Downstream,Observer,0,0,0,0,0,2,0,2 LarBass  Kayak survey,10558
6/15/2018,6,2018,217,Reading Island,3526,Baseline,10:08,,1,53,10,3.047851265,snorkel downstream,observer,0,0,0,325,162,0,0,,10584
9/22/2016,9,2016,211,Rio Vista,370,Impact,13:00,,1,57,5,1.523925632,Snorkel Downstream,Observer,0,0,0,0,0,0,62,55 HH  1 SS  6 TSS,8415
7/24/2017,7,2017,211,Rio Vista,370,Impact,10:30,,1,56,7,2.133495885,snorkel downstream,observer,0,0,0,0,0,0,432,291 TSS 61 HH 70 SS 10 TP,11328
8/7/2017,8,2017,211,Rio Vista,370,Impact,13:00,,1,59,4,1.219140506,snorkel downstream,observer,0,0,0,0,0,0,0,,11014
8/23/2017,8,2017,211,Rio Vista,370,Impact,9:30,,1,56,7,2.133495885,snorkel downstream,observer,0,0,0,0,3,0,125,97 HH  27 TSS  1 SS,11199
9/20/2017,9,2017,211,Rio Vista,370,Impact,9:40,,2,54.7,8,2.438281012,snorkel downstream,observer,0,0,0,0,0,0,104,100HH  3 SS  1TSB mort,10118
10/5/2017,10,2017,211,Rio Vista,370,Impact,9:40,,1,54,4.5,1.371533069,snorkel downstream,observer,0,0,0,0,5,0,21,20 SS  1 PM,9086
10/18/2017,10,2017,211,Rio Vista,370,Impact,9:20,,1,52,9,2.743066138,snorkel downstream,observer,0,2,0,0,0,0,53,40 SS  13 HH  WR had fungus on tail,8444
11/1/2017,11,2017,211,Rio Vista,370,Impact,9:50,,1,52,9,2.743066138,snorkel downstream,observer,0,0,0,0,1,0,78,25 SS  50 HH  3 TSS,8732
11/15/2017,11,2017,211,Rio Vista,370,Impact,9:40,,4,52,7,2.133495885,snorkel downstream,observer,0,0,0,0,0,0,189,110 HH  75 SS  4 TSS,6118
3/29/2018,3,2018,211,Rio Vista,370,Impact,12:00,,2,60,2,0.609570253,snorkel downstream,observer,0,0,0,0,0,0,0,,5384
5/14/2018,5,2018,211,Rio Vista,370,Baseline,13:00,,1,60,8,2.438281012,snorkel downstream,observer,0,0,0,0,0,0,1142,140HH  1000SACSUC  2TP,9443
6/14/2018,6,2018,211,Rio Vista,370,Baseline,9:45,,1,59,8,2.438281012,snorkel downstream,observer,0,0,0,0,0,0,112,51 HH  57 SACSUC  3 TP  1 TSS,11056
7/10/2018,7,2018,211,Rio Vista,370,Baseline,13:42,,1,60,10,3.047851265,snorkel downstream,observer,0,0,0,0,0,0,216,80 PM  73 TSS  63 HH,13106
7/24/2018,7,2018,211,Rio Vista,370,Baseline,9:46,,1,60,8,2.438281012,snorkel downstream,observer,0,0,0,0,0,0,656,330 HH  6 TSB  320 SS,13047
8/6/2018,8,2018,211,Rio Vista,370,Baseline,12:30,,3,56,12,3.657421518,snorkel downstream,observer,0,0,0,0,0,3,166,54 TSS  100 HH  12 SS  1 PM Adult  2 HH adults,12122
8/21/2018,8,2018,211,Rio Vista,370,Baseline,9:55,,1,58,11,3.352636391,snorkel downstream,observer,0,0,0,0,0,14,0,14 HH  3 turtle  1 minnow,10835
9/5/2018,9,2018,211,Rio Vista,370,Baseline,12:30,,1,60,10,3.047851265,snorkel downstream,observer,0,0,0,0,0,0,0,,9551
9/17/2018,9,2018,211,Rio Vista,370,Baseline,12:30,,1,58,10,3.047851265,snorkel downstream,observer,1,0,0,0,1,0,82,80 HH  2 TSS,8640
10/1/2018,10,2018,211,Rio Vista,370,Baseline,11:30,,3,55,8,2.438281012,snorkel downstream,observer,0,0,0,0,1,0,0,,7680
2/22/2016,2,2016,207,Shea Island,683,Baseline,11:30,,1,54,4,1.219140506,snorkel downstream,observer,0,2,0,3,2,0,0,,3310
5/11/2016,5,2016,207,Shea Island,683,Baseline,9:20,,1,60,2.5,0.761962816,snorkel downstream,observer,0,0,0,0,0,0,510,500 SMALL MINNOWS  10 SS,6560
7/21/2016,7,2016,207,Shea Island,683,Baseline,10:00,,1,56,5,1.523925632,Snorkel Downstream,Observer,7,0,0,0,10,0,200,100 HH  100 SS,10517
6/14/2017,6,2017,207,Shea Island,683,Baseline,12:15,,1,56,6,1.828710759,snorkel downstream,observer,0,0,0,0,1,0,33,10 TSS  1 PM  22 HH,10031
6/14/2017,6,2017,207,Shea Island,683,Baseline,12:20,,1,56,6,1.828710759,snorkel downstream,observer,0,0,0,0,0,0,500,juvie suckers,10031
8/2/2017,8,2017,207,Shea Island,683,Baseline,10:40,,1,53,5,1.523925632,snorkel downstream,observer,0,0,0,0,575,0,0,,10666
8/10/2017,8,2017,207,Shea Island,683,Baseline,10:30,,1,54,7.5,2.285888449,snorkel downstream,observer,31,0,0,0,257,0,102,1 adult RT  32 PM  70 TSS,10509
8/24/2017,8,2017,207,Shea Island,683,Baseline,10:20,,1,53,5,1.523925632,snorkel downstream,observer,0,0,0,0,182,0,0,,10644
9/5/2017,9,2017,207,Shea Island,683,Baseline,12:00,,1,54,6,1.828710759,snorkel downstream,observer,0,0,0,0,0,0,42,30HH  12SS,9114
9/19/2017,9,2017,207,Shea Island,683,Baseline,12:05,,1,54,5.5,1.676318196,snorkel downstream,observer,0,1,0,0,5,0,6,1 SS 5 HH 1 adult trout,9042
10/4/2017,10,2017,207,Shea Island,683,Baseline,9:25,,1,51,9,2.743066138,snorkel downstream,observer,0,3,0,0,49,0,1,1 TSB  2 FR adults,7924
10/17/2017,10,2017,207,Shea Island,683,Baseline,11:45,,1,52,10,3.047851265,snorkel downstream,observer,0,0,0,0,7,0,8,8 PM,8026
11/2/2017,11,2017,207,Shea Island,683,Baseline,13:00,,3,52,10,3.047851265,snorkel downstream,observer,0,0,0,0,7,0,30,5 Adult Salmon  30 PM,8075
4/10/2018,4,2018,207,Shea Island,683,Baseline,11:00,,3,66,8,2.438281012,snorkel downstream,observer,0,1,0,0,30,0,255,9TSS  2SACSUC  244HH,3302
5/1/2018,5,2018,207,Shea Island,683,Baseline,10:30,,1,56,10,3.047851265,snorkel downstream,observer,0,0,0,3,0,0,527,12 TSS  500 PM  15 SACSUC (fungus),7027
5/15/2018,5,2018,207,Shea Island,683,Baseline,9:30,,1,50,10,3.047851265,snorkel downstream,observer,0,0,0,3,8,0,122,120 PM  2 TSS,8737
5/30/2018,5,2018,207,Shea Island,683,Baseline,13:36,,1,56,6,1.828710759,snorkel downstream,observer,0,0,0,0,1,0,22,10TSS  12HH,9516
6/11/2018,6,2018,207,Shea Island,683,Baseline,11:20,,1,55,12,3.657421518,snorkel downstream,observer,0,0,0,20,13,0,808,5 adult trout  2 sculpin  1 LMB  500 pm  300 tss,9743
6/27/2018,6,2018,207,Shea Island,683,Baseline,10:45,,1,55,12,3.657421518,snorkel downstream,observer,0,0,0,40,206,1,114,104 PM  10 tss  1 adult trout,12067
7/7/2018,7,2018,207,Shea Island,683,Baseline,9:20,,3,55,9,2.743066138,snorkel downstream,observer,0,0,0,0,133,11,30,26 SS  15 HH,13008
7/11/2018,7,2018,207,Shea Island,683,Baseline,10:40,,1,54,12,3.657421518,snorkel downstream,observer,0,0,0,16,25,2,0,2 adult trout,12994
7/24/2018,7,2018,207,Shea Island,683,Baseline,13:31,,1,57,12,3.657421518,snorkel downstream,observer,0,0,0,1,32,1,0,1 adult trout,13044
8/24/2018,8,2018,207,Shea Island,683,Baseline,10:35,,1,54,12,3.657421518,snorkel downstream,observer,0,0,0,0,45,1,0,1 RBT adult,9496
9/4/2018,9,2018,207,Shea Island,683,Baseline,13:04,,1,56,12,3.657421518,snorkel downstream,observer,0,0,0,0,0,0,25,PKM,9005
9/19/2018,9,2018,207,Shea Island,683,Baseline,10:27,,1,54,12,3.657421518,snorkel downstream,observer,0,1,0,10,26,0,80,80 HH,7621
10/3/2018,10,2018,207,Shea Island,683,Baseline,9:42,,2,54,11,3.352636391,snorkel downstream,observer,0,0,0,0,12,0,0,,7269
10/16/2018,10,2018,207,Shea Island,683,Baseline,12:58,,1,55,10,3.047851265,snorkel downstream,observer,0,12,0,0,68,0,220,220 Hardhead,7225
10/30/2018,10,2018,207,Shea Island,683,Baseline,14:00,,1,54,10,3.047851265,snorkel downstream,observer,1,35,0,0,140,1,1105,Adult RBT  FR salmon,6004
5/30/2018,5,2018,219,South Cypress,88,Baseline,10:47,,1,54,10,3.047851265,snorkel downstream,observer,0,0,0,150,60,0,0,South Cypress,9516
8/8/2018,8,2018,219,South Cypress,88,Baseline,12:04,,3,55,12,3.657421518,snorkel downstream,observer,0,0,0,0,94,0,0,,11502
10/16/2018,10,2018,219,South Cypress,88,Control,11:43,,1,54,10,3.047851265,snorkel downstream,observer,0,750,0,0,0,0,0,,7225
2/9/2016,2,2016,208,Wyndham,458,Control,10:30,,1,49,6,1.828710759,snorkel downstream,observer,0,49,0,449,,0,0,,3170
2/26/2016,2,2016,208,Wyndham,458,Control,10:40,,1,51,4,1.219140506,snorkel upstream,observer,0,0,0,135,0,0,0,,3270
4/12/2016,4,2016,208,Wyndham,458,Control,10:00,,4,52,7,2.133495885,snorkel downstream,observer,81,0,0,11,69,0,25,25 TSS,5040
4/21/2016,4,2016,208,Wyndham,458,Control,12:50,,2,58,6,1.828710759,snorkel downstream,observer,0,0,0,20,20,0,4,4 Three spine stickleback,5040
4/25/2016,4,2016,208,Wyndham,458,Control,13:20,,1,57,7,2.133495885,snorkel downstream,observer,0,0,0,30,309,0,6,1 Cal. Roach  5 TSS,5040
5/3/2016,5,2016,208,Wyndham,458,Control,10:05,,2,56,6,1.828710759,snorkel downstream,observer,0,0,0,0,140,0,0,,5530
5/12/2016,5,2016,208,Wyndham,458,Control,11:25,,1,58,5,1.523925632,snorkel downstream,observer,0,0,0,0,269,0,1,1TSS,6530
6/14/2016,6,2016,208,Wyndham,458,Control,11:45,,2,55,5,1.523925632,snorkel downstream,observer,0,0,0,0,39,0,0,,8080
7/28/2016,7,2016,208,Wyndham,458,Control,10:00,,1,53,6,1.828710759,Snorkel Downstream,Observer,0,0,0,0,414,0,2,2 TSS,10554
8/16/2016,8,2016,208,Wyndham,458,Control,10:00,,1,53,6,1.828710759,Snorkel Downstream,Observer,0,0,0,0,64,0,0,visibility in pool very poor,10483
9/8/2016,9,2016,208,Wyndham,458,Control,11:40,,1,54,8,2.438281012,Snorkel Downstream,Observer,1,0,0,0,37,0,0,,9546
9/15/2016,9,2016,208,Wyndham,458,Control,10:15,,1,54,8,2.438281012,Snorkel Downstream,Observer,2,0,0,0,90,0,0,,9041
9/27/2016,9,2016,208,Wyndham,458,Control,10:30,,1,52,10,3.047851265,Snorkel Downstream,Observer,1,2,0,0,114,0,0,,7975
10/11/2016,10,2016,208,Wyndham,458,Control,10:00,,1,52,8,2.438281012,Snorkel Downstream,Observer,0,31,0,0,53,0,0,,7012
10/27/2016,10,2016,208,Wyndham,458,Control,10:35,,4,53,10,3.047851265,Snorkel Downstream,Observer,2,0,0,0,56,0,0,2 adult trout  2 adult FR salmon,5535
11/17/2016,11,2016,208,Wyndham,458,Control,10:55,,1,54,9,2.743066138,Snorkel Downstream,Observer,0,0,0,0,2,0,0,adult trout,5040
11/29/2016,11,2016,208,Wyndham,458,Control,11:20,,1,53,9,2.743066138,Snorkel Downstream,Observer,0,0,0,0,5,0,2,2 TSS,5035
12/20/2016,12,2016,208,Wyndham,458,Control,12:35,,2,51,10,3.047851265,Snorkel Downstream,Observer,0,2,0,0,0,0,0,,5072
7/12/2017,7,2017,208,Wyndham,458,Control,11:50,1.3,1,51,5,1.523925632,snorkel downstream,observer,3,0,0,0,325,0,0,,10394
7/25/2017,7,2017,208,Wyndham,458,Control,12:15,1.5,1,53,7,2.133495885,snorkel downstream,observer,0,0,0,0,530,0,2,2 TSS,10666
8/9/2017,8,2017,208,Wyndham,458,Control,12:40,15,1,54,8,2.438281012,snorkel downstream,observer,0,0,0,0,355,0,50,50 TSS,10313
8/22/2017,8,2017,208,Wyndham,458,Control,12:45,15,1,54,7,2.133495885,snorkel downstream,observer,0,0,0,0,76,0,0,,10466
9/7/2017,9,2017,208,Wyndham,458,Control,10:33,13,4,53,3,0.914355379,snorkel downstream,observer,0,0,0,0,6,0,0,,9131
9/21/2017,9,2017,208,Wyndham,458,Control,11:40,,1,54,5,1.523925632,snorkel downstream,observer,0,4,0,0,23,0,0,,9029
10/2/2017,10,2017,208,Wyndham,458,Control,12:00,,1,51.3,12,3.657421518,snorkel downstream,observer,0,0,0,0,76,0,1,1tss,8073
10/19/2017,10,2017,208,Wyndham,458,Control,10:00,10,2,52,10,3.047851265,snorkel downstream,observer,0,19,0,0,111,0,0,Possible FR Redds,8019
10/31/2017,10,2017,208,Wyndham,458,Control,13:00,11,1,53,10,3.047851265,snorkel downstream,observer,10,147,0,0,66,0,20,3 Adult FR  3 REDDS  20 TSS,8161
11/16/2017,11,2017,208,Wyndham,458,Control,10:00,4,2,52,10,3.047851265,snorkel downstream,observer,1,42,0,0,0,0,1,1 sculpin,5007
11/30/2017,11,2017,208,Wyndham,458,Control,10:00,5,2,52,10,3.047851265,snorkel downstream,observer,0,50,0,0,35,0,0,,5005
12/17/2017,12,2017,208,Wyndham,458,Control,10:00,5,2,49,10,3.047851265,snorkel downstream,observer,0,9,0,0,0,0,0,,5026
12/19/2017,12,2017,208,Wyndham,458,Control,9:45,5,2,50,10,3.047851265,snorkel downstream,observer,0,0,0,0,0,0,0,1 juvie trout mort,5080
12/27/2017,12,2017,208,Wyndham,458,Control,10:00,5,2,49,10,3.047851265,snorkel downstream,observer,0,9,0,0,0,0,0,,5068
1/9/2018,1,2018,208,Wyndham,458,Control,11:30,,3,51,8,2.438281012,snorkel downstream,observer,0,0,0,102,0,0,0,,4098
1/23/2018,1,2018,208,Wyndham,458,Control,12:15,,3,51,8,2.438281012,snorkel downstream,observer,0,0,0,70,0,0,0,,4055
2/5/2018,2,2018,208,Wyndham,458,Control,14:00,,1,52,10,3.047851265,snorkel downstream,observer,0,50,0,225,0,0,0,,4000
2/23/2018,2,2018,208,Wyndham,458,Control,13:15,,1,53,10,3.047851265,snorkel downstream,observer,0,10,0,165,0,0,0,,3210
3/5/2018,3,2018,208,Wyndham,458,Control,11:47,,1,48,10,3.047851265,snorkel downstream,observer,0,26,0,25,10,0,0,,3255
3/20/2018,3,2018,208,Wyndham,458,Control,12:08,,3,51,10,3.047851265,snorkel downstream,observer,0,0,0,50,0,0,1,1 RIFSCU,3341
4/4/2018,4,2018,208,Wyndham,458,Control,10:10,1,3,52,9,2.743066138,snorkel downstream,observer,3,3,0,118,17,0,0,,3258
4/18/2018,4,2018,208,Wyndham,458,Control,10:30,,3,52,10,3.047851265,snorkel downstream,observer,0,0,0,20,5,0,0,,3253
5/1/2018,5,2018,208,Wyndham,458,Control,12:05,,1,57,10,3.047851265,snorkel downstream,observer,0,0,0,10,0,0,0,,7027
5/15/2018,5,2018,208,Wyndham,458,Control,10:30,13,1,54,10,3.047851265,snorkel downstream,observer,20,0,0,40,0,0,215,100 SS  55 TSS  60 WESMOS,8737
5/30/2018,5,2018,208,Wyndham,458,Control,11:27,1.2,1,54,10,3.047851265,snorkel downstream,observer,12,0,0,50,5,0,1,1 adult RBT,9516
6/11/2018,6,2018,208,Wyndham,458,Control,10:00,16,1,54,12,3.657421518,snorkel downstream,observer,80,0,0,105,125,0,0,,9743
6/27/2018,6,2018,208,Wyndham,458,Control,12:30,,1,54,12,3.657421518,snorkel downstream,observer,30,0,0,509,231,0,2,2 TSS,12067
7/10/2018,7,2018,208,Wyndham,458,Control,13:00,,1,54,12,3.657421518,snorkel downstream,observer,0,2,0,108,597,0,1,1 rifscu,13023
7/25/2018,7,2018,208,Wyndham,458,Control,10:05,,1,56,12,3.657421518,snorkel downstream,observer,0,0,0,0,900,0,0,,13027
8/8/2018,8,2018,208,Wyndham,458,Control,10:20,18,3,54,12,3.657421518,snorkel downstream,observer,0,0,0,60,1115,0,0,,11502
8/22/2018,8,2018,208,Wyndham,458,Control,13:00,16,1,56,12,3.657421518,snorkel downstream,observer,183,40,0,20,300,0,543,1 rifscu,9704
9/4/2018,9,2018,208,Wyndham,458,Control,12:10,14,1,56,12,3.657421518,snorkel downstream,observer,43,0,0,3,48,0,0,,9005
9/19/2018,9,2018,208,Wyndham,458,Control,11:30,,1,54,12,3.657421518,snorkel downstream,observer,30,90,0,0,58,0,0,,7621
10/1/2018,10,2018,208,Wyndham,458,Control,12:15,,4,53,12,3.657421518,snorkel downstream,observer,12,30,0,0,0,1,0,6 adult FR  1 adult trout,7233
10/15/2018,10,2018,208,Wyndham,458,Control,13:22,,1,55,10,3.047851265,snorkel downstream,observer,66,108,0,0,0,1,0,1 Adult RBT,7212
11/1/2018,11,2018,208,Wyndham,458,Control,13:20,,1,56,10,3.047851265,snorkel downstream,observer,30,301,0,0,0,0,0,,5708
11/13/2018,11,2018,208,Wyndham,458,Control,13:50,0.4,2,53,10,3.047851265,snorkel downstream,observer,0,75,0,0,0,1,0,2 Adult FR 1 Adult RBT,4553
11/28/2018,11,2018,208,Wyndham,458,Control,10:40,,3,56,8,2.438281012,snorkel downstream,observer,0,0,0,0,1,0,0,,3985
12/10/2018,12,2018,208,Wyndham,458,Control,12:40,,1,53,7,2.133495885,snorkel downstream,observer,0,0,0,0,0,0,0,,4018
12/31/2018,12,2018,208,Wyndham,458,Control,10:15,3,1,48,6,1.828710759,snorkel downstream,observer,0,8,0,559,2,0,0,,3990
1/30/2019,1,2019,208,Wyndham,458,Control,10:30,,2,50,5,1.523925632,snorkel downstream,observer,0,0,0,50,0,0,200,200 TSS,3251
